Participant,Response
8,Fridge
8,frig
8,fun
8,Frisbee
8,football
8,foot
8,funny
8,filibuster
8,frequent
8,finally
8,finish
9,Frog
9,fright
9,farm
9,fair
9,far
9,freak
9,frame
9,flame
9,flat
9,flit
9,fret
9,fee
9,fare
9,fist
9,flick
9,fire
9,fest
9,festival
9,from
10,Fail
10,fun
10,frolic
10,fundamental
10,funnel
10,funny
10,freeze
10,frigid
10,fright
10,frozen
10,frown
10,frizzy
10,finger
10,fling
1101,flamingo
1101,fun
1101,family
1101,forest
1101,face
1101,foot
1101,fish
1101,funnel
1102,Friend
1102,fowl
1102,folly
1102,foal
1102,fund
1102,fair
1102,fantastic
1102,frame
1102,festival
1102,frolic
1102,fun
1102,friend
1102,foe
1102,fling
1102,fly
1102,flare
1103,Fribulous
1103,fart
1103,fang
1103,flirt
1103,felt
1103,flipper
1103,Fuck
1103,frantic
1103,friend
1103,from
1103,familiar
1103,fantasia
1103,frisky
1103,fan
1103,fantastic
1103,fill
1103,flounder
1103,fish
1104,Fill
1104,foal
1104,feminine
1104,fertile
1104,febrile
1104,fur
1104,fib
1104,finger
1104,foot
1104,femur
1104,fart
1104,famous
1104,fame
1104,flight
1104,flood
1104,flounder
1104,flower
1104,flare
1104,frig
1104,frame
1104,frapuccino
1104,float
1105,fang
1105,fart
1105,father
1105,fool
1105,football
1105,fan
1105,family
1105,font
1105,fright
1105,fry
1105,finish
1105,form
1105,fail
1105,fat
1105,fast
1105,finish
1105,fight
1105,fill
1105,faint
1105,fantastic
1106,Figured
1106,friend
1106,francophone
1106,French
1106,find
1106,fine
1106,frown
1106,found
1106,frank
1107,Fresh
1107,Frost
1107,frolic
1107,fool
1107,friend
1107,foe
1107,fight
1107,forget
1107,foil
1107,foliage
1107,flora
1107,fona
1107,frosh
1107,finger
1107,frosting
1107,frozen
1108,Fuck
1108,fat
1108,fan
1108,fall
1108,follow
1108,felt
1108,frown
1108,Friday
1108,foal
1108,fake
1109,frivolous
1109,fantastic
1109,fabulous
1109,frumpy
1109,fly
1109,frog
1109,fry
1109,fold
1109,fib
1110,Fish
1110,find
1110,file
1110,fast
1110,Philippino
1110,fissure
1111,Fox
1111,feather
1111,fire
1111,flipper
1111,frittata
1111,Fahrenheit
1111,Frank
1111,finger
1111,fist
1111,fix
1111,flip
1111,fairy
1111,France
1111,French
1112,Fun
1112,fall
1112,freedom
1112,fight
1112,fruit
1112,fat
1112,foreshadow
1113,Fold
1113,finger
1113,fork
1113,frown
1113,flat
1113,furrow
1113,fiber
1113,focus
1113,fondle
1113,fart
1113,frat
1113,Friday
1113,frigid
1113,feline
1114,Farmhouse
1114,farm
1114,Ferris wheel
1114,forest
1114,Fanshaw College
1114,forgotten
1114,fail
1114,failing
1114,fell
1114,fall
1114,fixture
1123,Fuck
1123,ferry
1123,free
1123,farm
1123,ferret
1123,foible
1123,fair
1123,far
1126,Fire
1126,free
1126,favourite
1126,frightening
1126,feel
1126,forever
1126,fight
1126,forgive
1126,fragrance
1126,flower
1135,Fantastic
1135,fruit
1135,funny
1135,Farrell
1135,fire
1135,fur
1135,fur-tree
1135,fine
1135,fin
1135,faint
1135,fain
1135,frugal
1135,fit
1135,fitness
1135,fun
1135,face
1135,few
1135,far
1135,fast
1135,fasting
1135,fabulous
1135,Fuse
1161,Face
1161,faucet
1161,food
1161,fangs
1161,felt
1161,finger
1161,fight
1161,fist
1161,flower
1161,family
1161,far
1161,fake
1161,fan
1161,fantastic
1161,fruit
1161,free
1161,fries
1161,flavour
1161,front
1161,fan
1162,Fox
1162,foundry
1162,find
1162,feeling
1162,flexible
1162,fidget
1162,film
1162,free
1162,fix
1162,find
1162,foal
1162,flower
1162,fly
1162,flute
1162,fond
1162,fill
1162,file
1184,Fact
1184,fake
1184,feeling
1184,football
1184,foot
1184,fridge
1184,friend
1184,fecal
1184,finding
1184,feed
1184,fend
1184,find
1184,fond
1184,fondu
1184,fun
1184,finger
1184,finish
1184,finale
1185,Face
1185,farmer
1185,fart
1185,flick
1185,flip
1185,fan
1185,focus
1185,fantastic
1185,flaccid
1185,flipper
1185,flank
1185,fawn
1185,flap
1185,flat
1185,feet
1185,finger
1185,foetus
1185,femur
1185,femoral
1185,flap
1185,farm
1185,fence
1185,front
1185,franc
1185,finish
1185,fist
1185,fit
1195,Fun
1195,famous
1195,fantastic
1195,favourite
1195,funny
1195,family
1195,father
1195,fast
1195,future
1195,food
1195,fast-food
1195,full
1199,Fun
1199,fight
1199,fright
1199,flight
1199,frame
1199,floor
1199,face
1199,fry
1199,fling
1199,fancy
1199,fortitude
1199,fantastic
1199,from
1199,flow
11116,Fear
11116,friend
11116,for
11116,forty
11116,far
11116,find
11116,found
11116,fruit
11116,fabulous
11116,fan
11117,Friends
11117,food
11117,fudge
11117,ferret
11117,frankly
11117,foe
11117,fowl
11117,fuel
11117,fan
11117,favourite
11117,fanny
11117,pack
11117,foot
11117,footwear
11117,feet
11117,furniture
11118,Finger
11118,flower
11118,follower
11118,fire
11118,friend
11118,face
11118,family
11118,frog
11118,fight
11118,force
11118,felt
11118,flow
11118,flame
11118,forget
11118,fuck
11118,fart
11118,fake
11119,Finger
11119,fruit
11119,follow
11119,fall
11119,freak
11119,flirt
11119,fever
11119,famous
11119,fax
11119,frown
11119,flag
11119,fever
11119,fancy
11119,Friday
11119,fence
11119,frog
11119,French
11119,fries
11119,flu
11119,flies
11119,freckle
11119,fog
11120,Fish
11120,frog
11120,farm
11120,furniture
11120,forget
11120,future
11120,fail
11121,Frog
11121,flip
11121,face
11121,front
11121,fraction
11121,fiction
11121,forward
11121,fly
11121,flip
11121,flop
11121,freckle
11121,frontier
11121,factory
11121,fix
11122,Flag
11122,fox
11122,fridge
11122,faith
11122,forget
11122,French
11122,fake
11143,Fish
11143,fridge
11143,Friday
11143,friend
11143,fight
11143,frost
11143,freeze
11143,fake
11143,finish
11143,festive
11143,fish
11143,five
11143,fat
11143,fog
11143,face
11143,fate
11145,Frog
11145,French
11145,fat
11145,fly
11145,fruit
11145,finger
11145,forge
11145,fuck
11145,fabulous
11145,fad
11145,flame
11145,fart
11145,flick
11145,funk
11145,flip
11145,fish
11145,fill
11147,Fish
11147,foot
11147,finger
11147,fat
11147,fantasy
11147,friend
11147,fundraiser
11147,fact
11147,femur
11147,funny
11147,fantastic
11147,fish
11147,ferret
11147,funky
11147,fan
11147,fossil
11147,fun
11147,fungus
11151,Fruit
11151,fast
11151,frugal
11151,flower
11151,friend
11151,foe
11151,follow
11151,folly
11151,French
11151,fair
11151,fame
11151,famous
11151,furrow
11151,frown
11151,faint
11151,fear
11151,fence
11151,file
11175,Fish
11175,fun
11175,fan
11175,fiction
11175,fog
11175,frog
11175,flamingo
11175,fright
11175,fin
11175,fly
11175,fry
11176,Frog
11176,Frankfort
11176,forget
11176,falling
11176,forget-me-not
11176,flower
11176,floor
11176,finger
11176,fingernail
11176,frown
11176,funny
11183,Food
11183,French
11183,friends
11183,feelings
11183,football
11183,freedom
11183,fence
11183,finger
11183,fox
11183,ferret
11183,force
11189,Fox
11189,flower
11189,fig
11189,fire
11189,figure
11189,flyer
11189,finger
11189,follicle
11211,frock
11211,flip
11211,fool
11211,FALSE
11211,femur
11211,fake
11211,flap
11211,fly
11211,frozen
11211,fold
11211,fear
11211,fumble
11211,frost
11211,fiscal
11211,force
11211,frat
11211,from
11211,follow
11211,flippant
11211,foster
11211,freedom
11211,freezing
11211,fumble
11211,force
11211,foreign
11216,firm
11216,funny
11216,fig
11216,finally
11216,forensic
11216,fins
11216,find
11216,full
11216,fall
11217,fragile
11217,freak
11217,faggot
11217,fuck
11217,forgotten
11217,fragrance
11217,futile
11217,fugitive
11217,functional
11217,funk
11221,Fly
11221,fright
11221,freedom
11221,forward
11221,flip
11221,fail
11221,flick
11221,flume
11221,frog
11221,fence
11221,from
11221,flute
11221,Fahrenheit
11221,forgo
11221,fan
11221,family
11221,friends
11221,forgiver
11221,faint
11221,full
11226,fool
11226,face
11226,fake
11226,fate
11226,frown
11226,fray
11226,foal
11226,freak
11226,fret
11226,feet
11249,fairy
11249,fickle
11249,friend
11249,family
11249,faint
11249,felony
11249,fame
11249,fortune
11249,filth
11249,fish
11249,flu
11249,farm
11259,Fly
11259,finger
11259,from
11259,fog
11259,fight
11259,fuzzy
11259,forlorn
11259,frog
11259,fox
11259,file
11259,float
11259,forget
11259,fornicate
11278,Friend
11278,foe
11278,fair
11278,festival
11278,farm
11278,forget
11278,fatch
11278,fat
11278,follow
11278,fair
11278,amount
11278,facilitate
11278,forego
11278,fabulous
11278,fantastic
11278,fantasy
11278,fanatic
11278,fellow
11278,frantic
11278,female
11302,Funny
11302,feet
11302,forest
11302,fudge
11302,fast
11302,furry
11302,fury
11302,fail
11302,fox
11302,found
11302,follow
11302,feed
11304,fire
11304,free
11304,fort
11304,fork
11304,feather
11304,forecast
11304,flow
11304,flower
11304,flank
11304,fuzzy
11304,frost
11304,frozen
11304,fill
11304,flip
11304,failing
11304,fang
11304,fan
11306,fire
11306,frog
11306,finger
11306,foot
11306,free
11306,file
11306,fling
11306,flower
11306,fuck
11306,fail
11309,food
11309,flower
11309,fun
11309,fairy
11309,farm
11309,foot
11309,face
11309,from
11309,fang
11309,faint
11309,fig
11309,floor
11309,fair
11309,frame
11365,friendly
11365,fruit
11365,fake
11365,fanatic
11365,find
11365,fickle
11365,freckle
11365,fantasy
11365,fire-truck
11365,fail
11365,fang
11365,follow
11365,fend
11365,forge
11365,felt
11365,flack
11365,found
11390,face
11390,furniture
11390,floor
11390,fixture
11390,flower
11390,freak
11390,frame
11390,fuck
11390,flex
11390,force
11390,from
11390,for
11390,forecast
11390,foreman
11400,fun
11400,fridge
11400,finite
11400,finish
11400,flame
11400,fuck
11400,flavor
11400,flip
11404,family
11404,friend
11404,fashion
11404,forget
11404,fair
11404,FALSE
11404,frustrated
11404,force
11404,fling
11404,fight
11404,finger
11404,fun
11404,future
11404,feature
11404,fuck
11404,firetruck
11404,fear
11404,for
11411,freezer
11411,frigid
11411,fluid
11411,fuck
11411,freeway
11411,fire
11411,festive
11411,feast
11411,fibrosis
11411,fruit
11414,fried
11414,fillet
11414,fly
11414,flyer
11414,frequency
11414,foe
11417,friends
11417,family
11417,focus
11417,feline
11417,fast
11417,furious
11417,flight
11417,fight
11417,fiction
11417,fraction
11417,floor
11417,fever
11417,favour
11417,faction
11417,flask
11417,fat
11423,friends
11423,fun
11423,flight
11423,fracking
11423,function
11423,fail
11423,final
11423,fin
11423,flash
11423,fire
11423,fox
11424,friendship
11424,fireplace
11424,fire
11424,fold
11424,fruit
11424,fun
11424,front
11424,form
11424,fish
11424,free
11424,face
11424,furniture
11424,furnace
11424,fumes
11424,freelance
11490,Face
11490,focus
11490,force
11490,free
11490,fortitude
11490,frozen
11490,fast
11490,friend
11490,frenzy
11491,fuck
11491,fire truck
11491,flames
11491,forward
11491,front
11491,finger
11491,fist
11491,fierce
11493,fridge
11493,freezer
11493,flower
11493,favorite
11493,fall
11493,female
11493,fern
11493,family
11493,facts
11493,fiction
11493,floss
11493,face
11493,film
11497,face
11497,friendly
11497,fruit
11497,feline
11497,flamingo
11497,fox
11497,finish
11497,fragrant
11497,fish
11497,find
11497,frog
11497,flower
11497,forest
11497,fantasy
11497,fairy tale
11498,friends
11498,family
11498,food
11498,fun
11498,flowers
11498,funeral
11498,flood
11498,female
11498,fungus
11498,fruit
11498,foes
11498,flying
11498,force
11498,feeling
11498,fight
11498,floors
11500,fun
11500,far
11500,friends
11500,feeling
11500,fellow
11500,face
11500,facts
11500,fair
11500,fit
11500,fat
11500,focus
11500,frequent
11500,flight
11500,figure
11500,force
11500,favourite
11500,fidget
11500,fix
11500,fabulous
11500,foot
11504,fox
11504,fish
11504,fit
11504,fowl
11504,fly
11504,form
11504,fence
11504,feel
11504,foot
11504,full
11504,fun
11510,friend
11510,foe
11510,fool
11510,fun
11510,fix
11510,fawn
11510,fake
11510,formaldehyde
11510,fortress
11510,fact
11510,fraction
11510,fountain
11510,fork
11510,forklift
11510,flake
11510,frown
11510,familiar
11510,flour
11510,flower
11515,face
11515,figure
11515,fountain
11515,fish
11515,fry
11515,foot
11515,flower
11515,fly
11515,fairy
11515,fiction
11515,fun
11517,fortune
11517,fall
11517,face
11517,fingers
11517,friction
11517,fan
11517,fat
11517,flock
11517,funds
11517,favourite
11517,falcon
11517,foot
11517,funnel
11525,free
11525,for
11525,friend
11525,from
11525,fancy
11525,fantastic
11525,freak
11525,fanny
11530,face
11530,flower
11530,fountain
11530,fox
11530,freak
11530,follow
11530,foot
11530,fingers
11530,father
11530,fax
11530,fisher
11530,flow
11530,fellow
11530,friendly
11530,fort
11530,fly
11530,find
11532,fire
11532,fat
11532,fallopian
11532,furnish
11532,fix
11532,favorite
11532,flop
11532,foot
11532,fear
11532,flat
11532,fornicate
11532,fabulous
11532,furniture
11532,fond
11532,follow
11532,fame
11532,fall
11533,friend
11533,fire
11533,flake
11533,fun
11533,fair
11533,fare
11533,flower
11533,fruit
11533,fried
11533,freak
11533,food
11533,fight
11533,fine
11533,fluke
11533,fan
11537,flower
11537,fruit
11537,friend
11537,forever
11537,fake
11537,fun
11537,folder
11537,finish
11537,fish
11538,fiddle
11538,frankly
11538,fried
11538,fly
11538,friendly
11541,face
11541,fish
11541,far
11541,foreshadow
11541,flavor
11541,flight
11541,fire
11541,figure
11541,fight
11541,folly
11541,flack
11541,flab
11541,flail
11541,fail
11541,feel
11541,fool
11541,folding
11541,full
11542,forest
11542,food
11542,funky
11542,fresh
11542,fernery
11542,frozen
11542,fell
11542,fall
11542,front
11542,fat
11542,fan
11542,flip
11542,from
11542,family
11542,friends
11542,faith
11542,fought
11542,face
11542,feet
11543,fun
11543,fantastic
11543,family
11543,furious
11543,fabulous
11543,fidget
11543,finger
11543,father
11543,face
11543,fan
11544,fine
11544,fickle
11544,fortuitous
11544,find
11544,follow
11544,fail
11544,fuck
11544,fallacious
11544,forbidding
11549,fiction
11549,fraction
11549,fish
11549,foolish
11549,fun
11549,follow
11549,family
11549,for
11552,face
11552,faucet
11552,feet
11552,flowers
11552,folder
11552,fiddle
11552,flying
11552,falling
11552,fruit
11552,fish
11552,flow
11552,frolic
11552,fresh
11553,frog
11553,face
11553,fill
11553,faucet
11553,family
11553,familiar
11553,follow
11553,fiddle
11553,fall
11553,flint
11553,flow
11599,face
11599,fox
11599,find
11599,for
11599,filling
11599,far
11599,flick
11599,fart
11599,fix
11599,flirt
11599,facts
11599,fax
11599,fetch
11599,fling
11600,fun
11600,flower
11600,forest
11600,fight
11600,forge
11600,flood
11600,food
11600,fries
11600,forever
11600,fog
11600,ferry
11600,fairy
11635,frog
11635,forest
11635,for
11635,fire
11635,face
11635,forage
11635,fart
11635,fallacy
11635,far
11635,fruit
11635,frat
11635,farm
11635,fall
11635,fist
11640,fair
11640,fun
11640,food
11640,fascinating
11640,fence
11640,fruit
11640,fine
11640,fix
11640,felt
11640,for
11640,fake
11640,forest
11640,free
11640,fast
11692,farm
11692,factor
11692,face
11692,frog
11692,fidget
11692,furnace
11692,figs
11692,flamingo
11692,flying
11692,fart
11692,fist
11692,flag
11692,fries
11796,fun
11796,family
11796,friends
11796,flower
11796,forest
11796,flute
11796,figures
11796,foliage
11796,fish
11796,flying
11796,fat
11796,folder
11796,fountain
11818,frog
11818,flamingo
11818,flame
11818,fought
11818,fan
11818,free
11818,fire
11818,fun
11818,fantastic
11818,for
11818,from
11819,firetruck
11819,flower
11819,face
11819,fraction
11819,figure
11819,finger
11819,flourish
11819,finesse
11819,feline
11819,far
11819,fake
11822,frog
11822,fiddle
11822,french fries
11822,feet
11822,frown
11822,finger
11822,futon
11822,fly
11822,forget
11822,full
11822,favourite
11824,fun
11824,fudge
11824,face
11824,fly
11824,for
11824,fog
11824,from
11824,fought
11824,frog
11824,feather
11824,figure
11824,fast
11824,feast
11824,fame
11824,flame
11824,fire
11825,free
11825,fish
11825,fruit
11825,freeway
11825,fire
11825,fox
11826,Face
11826,Friend
11826,Forever
11826,Function
11826,Future
11826,Futile
11826,Far
11826,fake
11826,fun
11826,fortunate
11826,facts
11826,family
11826,Forget
11827,fruit
11827,family
11827,fun
11827,face
11827,floor
11827,front
11827,fair
11827,flame
11827,fire
11827,frozen
11827,frost
11827,fall
11830,for
11830,fundamentally
11830,forcibly
11830,forget
11830,facetious
11830,final
11830,fear
11830,function
11830,fierce
11831,fleece
11831,flower
11831,floor
11831,fluctuate
11831,flow
11831,fear
11831,follow
11831,fly
11831,film
11837,fly
11837,fart
11837,fat
11837,feather
11837,flat
11837,fruit
11837,fish
11837,father
11837,feet
11837,face
11837,flee
11839,find
11839,fish
11839,for
11839,forever
11839,fly
11839,focus
11839,fight
11839,fist
11839,furry
11839,friend.
11843,flower
11843,flake
11843,fetch
11843,feel
11843,fair
11843,flow
11843,friend
11843,find
11843,flamingo
11843,fur
11843,forest.
1201,Feel
1201,face
1201,follow
1201,fall
1201,fine
1201,fortune
1201,fantastic
1201,finish
1201,funny
1201,found
1202,Face
1202,farm
1202,finger
1202,feature
1202,far
1202,follow
1202,friend
1202,flag
1202,fleck
1202,fling
1202,frown
1202,fruit
1202,frumpy
1202,fresh
1202,frozen
1202,fry
1202,flight
1202,flower
1202,floor
1202,fence
1202,fend
1202,fungus
1202,full
1202,foreign
1202,for
1203,Fruit
1203,farm
1203,flannel
1203,food
1203,fresh
1203,fruity
1203,feel
1203,fellow
1203,forgotten
1203,for
1203,fond
1203,fountain
1204,Flower
1204,foolish
1204,floor
1204,furnishings
1204,fabulous
1204,fantastic
1204,flourishing
1204,fence
1204,fork
1204,fur
1204,fancy
1204,fix
1204,fortunate
1205,Food
1205,funny
1205,fancy
1205,foolish
1205,funds
1205,feather
1205,feeling
1205,flutter
1205,fabulous
1205,fundamental
1205,frozen
1205,flapper
1205,fling
1205,foxy
1205,facts
1205,future
1205,fondly
1205,fondue
1205,fixture
1205,finding
1205,fillet
1205,flounder
1206,Flower
1206,frank
1206,frequently
1206,forever
1206,further
1206,far
1206,frequently
1206,fervour
1206,fantastic
1206,fatalistic
1206,fanfare
1206,fragile
1206,frequently
1206,freight
1206,fairy
1206,ferry
1207,Feeble
1207,fortune
1207,fantastic
1207,fall
1207,five
1207,fifty
1207,fantasy
1207,fart
1207,febrile
1207,foreplay
1207,frozen
1207,frigid
1207,fridge
1207,frost
1207,fantastic
1208,fart
1208,far
1208,fall
1208,fag
1208,feed
1208,food
1208,follow
1208,full
1208,four
1208,fore
1209,Fridge
1209,family
1209,far
1209,few
1209,forever
1209,feeling
1209,fantastic
1209,freight
1209,fume
1209,farm
1209,firm
1209,fool
1209,format
1209,fridge
1210,Farmer
1210,fox
1210,facts
1210,far
1210,further
1210,falling
1210,furtive
1210,foreign
1210,fast
1210,fruit
1210,flavour
1210,from
1210,forth
1210,fix
1210,flight
1210,phone
1211,false
1211,fee
1211,from
1211,frankest
1211,fear
1211,fox
1211,far
1211,farthing
1211,free
1211,fly
1211,flagrant
1211,floss
1211,flow
1211,fall
1211,feel
1211,fail
1211,feet
1211,famous
1211,famished
1211,from
1211,frame
1211,fret
1211,fool.
1264,Fast
1264,flagrant
1264,food
1264,famine
1264,felicitation
1264,fond
1264,free
1264,funny
1264,figure
1264,fragrant
1264,fantastic
1264,ferris
1264,frame
1264,film
1264,fear
1264,frame
1264,flame
1264,future
1265,Follow
1265,fast
1265,frig
1265,free
1265,flea
1265,fellow
1265,fat
1265,fast
1265,fate
1265,fewer
1265,fester
1265,free
1265,frozen
1265,fair
1265,fist
1265,floor
1265,feeling
1265,feast
1265,famine
1267,Fish
1267,fiddle
1267,fence
1267,forest
1267,froth
1267,frog
1267,fort
1267,fuzzy
1267,fashion
1267,force
1267,friendly
1267,fog
1267,fellow
1267,frazzled
1267,phone
1267,fruit
1267,fragile
1267,foster
1267,frost
1268,Face
1268,flower
1268,follow
1268,fine
1268,fever
1268,favourite
1268,flavour
1268,fluency
1268,florin
1268,florentine
1268,fickle
1268,fill
1268,fire
1268,fair
1268,fume
1268,full
1270,Fellow
1270,frog
1270,fruit
1270,folks
1270,frustrated
1270,fellowship
1270,foster
1270,frank
1272,Famine
1272,finish
1272,find
1272,fuck
1272,forest
1272,furry
1272,finagle
1272,food
1272,font
1272,funnel
1272,foot
1273,Fun
1273,forget
1273,fool
1273,fantastic
1273,future
1273,folly
1273,fan
1273,fester
1273,filial
1273,fortune
1273,fabulous
1273,five
1273,fill
1273,follow
1273,fountain
1273,floor
1278,Full
1278,feeling
1278,fantasy
1278,filibuster
1278,frantic
1278,fish
1278,fulsome
1278,fixture
1278,fresh
1278,finding
12100,Fire
12100,fence
12100,flax
12100,figure
12100,finance
12100,fiddle
12100,fix
12100,forward
12100,fall
12100,fowl
12100,fare
12100,feline
12100,fax
12100,forward
12100,feather
12104,Frame
12104,fellow
12104,finger
12104,fast
12104,food
12104,feeling
12104,foreman
12104,future
12104,falling
12104,foreman
12104,fickle
12105,Fruit
12105,flamingo
12105,faraway
12105,forest
12105,ferret
12105,finger
12105,fop
12105,frog
12105,first
12105,fungus
12105,fat
12105,famous
12105,flap
12107,First
12107,fish
12107,ford
12107,flew
12107,from
12107,fleuve
12107,fox
12107,fright
12107,flight
12107,flower
12133,Fox
12133,February
12133,foggy
12133,film
12133,foster
12133,failure
12133,free
12133,foam
12133,flipflop
12133,flip
12133,forest
12133,fever
12133,finger
12133,fatality
12133,financial
12133,frequency
12133,forward
12133,forever
12135,Friend
12135,fool
12135,foul
12135,fair
12135,feet
12135,find
12135,fluke
12135,forest
12135,fop
12135,fancy
12135,fitting
12135,flam
12135,fist
12135,fact
12135,for
12135,famine
12135,fellow
12136,Feeble
12136,froze
12136,free
12136,fine
12136,forest
12136,fickle
12136,fink
12136,fabulous
12136,forgive
12136,forget
12136,forever
12136,frozen
12136,fish
12136,flour
12136,flower
12136,forever
12159,Fruit
12159,fast
12159,fancy
12159,familiar
12159,fantastic
12159,fashion
12159,feet
12159,face
12159,fingers
12159,fallopian
12159,friend
12159,faults
12159,fairway
12159,from
12159,forward
12159,faster
12160,Foreigner
12160,frequent
12160,futility
12160,fun
12160,fruit
12160,facilitate
12160,feasible
12160,former
12160,foot
12161,Food
12161,feed
12161,fuse
12161,fault
12161,forward
12161,fast
12161,Folsom
12161,fat
12161,forward
12161,freeze
12161,foot
12161,flower
12161,ford
12161,forge
12161,ford
12164,From
12164,fret
12164,free
12164,fault
12164,fellow
12164,fruit
12164,fortune
12164,found
12164,from
12164,freedom
12164,freezing
12164,frontier
12164,future
12164,feature
12164,fabulous
12164,fountain
12164,freedom
12164,forgot
12164,false
12165,Frog
12165,fast
12165,frequent
12165,fight
12165,flight
12165,fart
12165,fuck
12165,for
12165,film
12165,fish
12165,fat
12165,family
12165,fanny
12165,faro
12165,fed-up
12165,fed
12165,feed
12165,fright
12165,fight
12165,flat
12166,Fox
12166,trot
12166,fend
12166,fast
12166,first
12166,fonder
12166,found
12166,flung
12166,flow
12166,flake
12166,flood
12166,famous
12166,fender
12166,fox
12166,trot
12166,farfel
12166,fear
12166,famous
12191,Face
12191,favour
12191,flavour
12191,friend
12191,fiend
12191,file
12191,find
12191,fecal
12191,fund
12191,full
12191,found
12191,famous
12252,Funny
12252,fabulous
12252,friendly
12252,font
12252,fountain
12252,funky
12252,fictitious
12252,following
12252,follow
12252,finally
12263,French
12263,forward
12263,fair
12263,flourish
12263,face
12263,food
12263,fancy
12263,foot
12263,funny
12263,fixture
12263,figure
12263,felony
12263,foot
12203,five
12203,fine
12203,fellows
12203,found
12203,fight
12203,for
12203,fix
12203,finger
12203,founder
12280,Feet
12280,feel
12280,fraction
12280,fact
12280,fill
12280,fragile
12280,frank
12280,fib
12287,Farm
12287,funny
12287,fern
12287,fox
12287,ferment
12287,foam
12287,frothing
12287,fuck
12287,finger
12287,face
12287,front
12288,Fuck
12288,fairy
12288,find
12288,funny
12288,friend
12288,floozy
12288,fuzzy
12288,forest
12288,for
12288,fix
12288,fellow
12288,frenzy
12288,flat
12288,fit
12288,flax
12289,funny
12289,fabulous
12289,fantastic
12289,future
12289,forever
12289,flowing
12289,forest
12289,foolish
12289,flowery
12291,feather
12291,fan
12291,fantastic
12291,fox
12291,fat
12291,food
12291,fond
12291,fracking
12291,far
12291,foam
12293,Family
12293,fun
12293,fix
12293,fear
12293,fizzle
12293,few
12293,fortunate
12293,friend
12293,fly
12293,flick
12293,food
12293,feet
12293,face
12295,frog
12295,feline
12295,from
12295,forethought
12295,fear
12295,fright
12295,fence
12295,fog
12295,fallopian tube
12295,fuck
12295,formula
12295,forms
12296,fridge
12296,freedom
12296,fun
12296,fancy
12296,frigate
12296,freebee
12296,fuzzy
12296,fool
12296,full
12296,foul
12296,falafel
12296,finish
12296,fable
12296,feces
12296,fuck
12296,frigid
12296,fiddle
12296,fake
12296,fast
12296,fabulous
12296,fantastic
12301,friend
12301,foe
12301,foreign
12301,forever
12301,fracture
12301,forward
12301,fever
12301,far
12312,frankfurter
12312,fancy
12312,fun
12312,frolic
12312,fume
12312,face
12312,forehead
12312,frown
12312,fowl
12318,fun
12318,foolish
12318,frivolous
12318,fast
12318,forward
12318,finger
12318,forearm
12318,foot
12318,face
12321,fax
12321,foxtrot
12321,facsimile
12321,feeling
12321,flier
12321,fife
12321,finish
12321,forthwith
12321,front
12321,fetal
12321,fix
12321,fang
12321,fine
12321,flit
12321,flummox
12321,fright
12321,freelance
12321,fraught
12321,fink
12321,file
12321,fish
12321,fort
12322,funny
12322,fastidious
12322,facetious
12322,fallacy
12322,fail
12322,fabric
12322,festoon
12322,felt
12322,festival
12322,fermenting
12322,fur
12322,fuchsia
12322,flippant
12322,flipper
12322,few
12323,furious
12323,flower
12323,flour
12323,floor
12323,felt
12323,fall
12323,facts
12323,fictitious
12323,fulsome
12323,forever
12323,fiddle
12323,fulcrum
12324,fun
12324,frolic
12324,fair
12324,free
12324,Frisbee
12324,flight
12324,frock
12324,flock
12324,feather
12324,feature
12324,fantastic
12324,functional
12324,fairy
12324,frisky
12324,frump
12324,failure
12326,front
12326,fire
12326,fears
12326,font
12326,female
12326,fail
12326,fast
12326,force
12326,finger
12326,forest
12326,freckle
12326,fight
12327,fox
12327,fever
12327,friendly
12327,feet
12327,few
12327,forever
12327,forgetful
12327,finally
12327,forest
12327,frequency
12327,fame
12327,falter
12327,fender
12327,fuddle
12327,foreign
12327,fumble
12327,flake
12327,flounder
12327,florid
12327,feminine
12348,fun
12348,for
12348,front
12348,family
12348,foursome
12348,frontier
12348,formula
12348,fork
12348,frown
12348,fancy
12348,flub
12350,frankfurter
12350,faraway
12350,follow
12350,furnace
12350,fridge
12350,fun
12350,funky
12350,few
12350,finally
12350,fuzzy
12350,fizzle
12350,flower
12350,fruit
12354,filament
12354,figures
12354,fester
12354,final
12354,filthy
12354,fact
12354,fancy
12354,face
12354,fetish
12354,felt
12354,fear
12354,fast
12354,fart
12356,face
12356,fashion
12356,fat
12356,famous
12356,factory
12356,farmer
12356,ffar
12356,factoid
12356,fusion
12356,funny
12356,flowers
12356,forms
12356,from
12356,find
12357,funny
12357,fat
12357,free
12357,frisky
12357,fairy
12357,fowl
12357,frantic
12357,fortune
12357,fabulous
12357,fantastic
12357,fate
12357,free
12357,flower
12357,filthy
12357,famous
12357,frilly
12357,fitting
12357,fill
12357,found
12357,float
12357,flip
12357,flock
12358,frank
12358,fool
12358,follow
12358,foul
12358,fowl
12358,fortunate
12358,fat
12358,foil
12358,fried
12358,fairy
12358,felt
12358,forgiving
12358,forget
12367,fate
12367,father
12367,fun
12367,friend
12367,follow
12367,fin
12367,fought
12367,frankly
12367,former
12367,fellowship
12367,fun
12367,font
12367,farther
12369,friend
12369,favourite
12369,fanger
12369,foreword
12369,foot
12369,face
12369,finger
12369,floor
12369,funnel
12369,finial
12369,fond
12389,face
12389,feel
12389,fine
12389,figure
12389,fetch
12389,free
12389,for
12389,fig
12389,freeze
12389,fall
12389,fillet
12389,fruit
12559,fuel
12559,fun
12559,fool
12559,favour
12559,flip
12559,foot
12559,fancy
12559,free
12559,fuck
12559,flavor
12560,face
12560,fed up
12560,fool
12560,federation
12560,fantastic
12560,field
12560,fitted
12560,fumes
12560,fumigates
12560,funny
12560,fearless
12560,frank
12560,frightened
12561,Fun
12561,fancy
12561,faith
12561,from
12561,for
12561,fuzz
12561,fish
12561,fat
12561,firm
12561,fiddle
12561,fast
12561,fashion
12561,fame
12561,further
12561,fantasize
12562,ferry
12562,fast
12562,fun
12562,full
12562,fart
12562,feat
12562,fleece
12562,flonk
12562,from
12562,febreeze
12562,freckle
12562,finger
12562,fly
12562,flock
12564,frank
12564,feeling
12564,fighting
12564,fraught
12564,frying pan
12564,fiscal
12564,financial
12564,fishing fun
12564,fiddling
12565,feel
12565,fur
12565,fit
12565,free
12565,force
12565,focus
12565,frozen
12565,face
12565,fierce
12566,follow
12566,flower
12566,frame
12566,flow
12566,flush
12566,fervor
12566,fine
12566,fever
12566,focus
12566,foolish
12566,fun
12566,free
12566,force
12566,finesse
12566,filly
12566,folly
12566,forward
12566,favour
12567,face
12567,foolish
12567,farm
12567,fruit
12567,figure
12567,familiar
12567,foot
12567,family
12567,future
12567,fig
12567,far
12567,fence
12568,fish
12568,funny
12568,friendly
12568,face
12568,flick
12568,finger
12568,finish
12568,fight
12568,fin
12568,fungus
12568,flip
12568,foil
12568,folly
12568,found
12568,freeze
12569,frankly
12569,friendly
12569,frenetic
12569,fantastic
12569,forward
12569,fancy
12569,fettered
12569,feathered
12569,frenzy
12569,finish
12569,funny
12569,forward
12569,font
12569,fishing
12569,fanning
12569,family
12570,frankfurter
12570,friend
12570,foe
12570,feline
12570,female
12570,fairy
12570,feral
12570,fool
12570,fire
12570,fireman
12571,face
12571,felicity
12571,foreign
12571,factor
12571,flowing
12571,factual
12571,flubber
12571,flip
12571,fancy
12571,flower
12571,fragrance
12571,flamingo
12571,failure
12571,flounder
12571,floppy
12571,frequency
12573,fox
12573,feather
12573,friend
12573,foe
12573,field
12573,fly
12573,from
12573,forethought
12573,fraction
12573,fear
12573,fright
12573,fender
12573,flip
12573,found
12573,fair
12573,fire
12573,fig
12573,fight
12574,frame
12574,freezing
12574,farm
12574,feather
12574,father
12574,fence
12574,friend
12574,fabulous
12575,fuck
12575,far
12575,friendly
12575,flat
12575,fever
12575,finger
12575,flighty
12575,fool
12575,fence
12575,flagrant
12575,fragrant
12576,flying
12576,fellowship
12576,flower
12576,father
12576,fast
12576,forward
12576,foremost
12576,furious
12576,funny
12576,faults
12576,finger
12576,friend
12576,family
12576,forest
12576,front
12577,funny
12577,friendly
12577,frivolous
12577,fur
12577,fat
12577,fabulous
12577,forever
12577,forgotten
12577,fantasy
12577,forest
12577,fuzzy
12577,frantic
12577,frenetic
12577,family
12578,fancy
12578,feast
12578,fat
12578,fit
12578,form
12578,fridge
12578,follow
12578,farm
12578,fart
12578,feminine
12578,fence
12578,fender
12578,fun
12579,face
12579,font
12579,full
12579,faithful
12579,forever
12579,fruit
12579,funny
12579,fill
12579,Father
12579,friction
12580,funny
12580,functional
12580,fabulous
12580,feeling
12580,friend
12580,foe
12580,flowers
12580,freak
12580,fame
12580,formidable
12580,fax
12580,figures
12580,from
12580,fate
12580,feet
12580,front
12580,frames
12581,fine
12581,find
12581,flower
12581,fichus
12581,flavor
12581,figure
12581,finger
12581,flowing
12581,finance
12581,feature
12581,farm
12581,focus
12582,fun
12582,Fill
12582,Fall
12582,fish
12582,finish
12582,forget
12582,fortitude
12582,fortune
12582,follow
12582,fit
12582,fiction
12582,forward
12582,filibuster
12583,fork
12583,fidget
12583,father
12583,faithful
12583,final
12583,forward
12591,follow
12591,filing
12591,farm
12591,fish
12591,fellow
12591,faun
12591,friendly
12591,finally
12591,from
12591,flowers
12591,funny
12591,fabulous
12591,forthcoming
12591,family
12592,fruit
12592,faun
12592,folk
12592,fearless
12592,front
12592,fox
12592,full
12592,freak
12592,funny
12592,fire
12594,fan
12594,fetch
12594,finch
12594,forget
12594,fuss
12594,fender
12594,fantastic
12594,futile
12594,fun
12594,frock
12594,fancy
12597,father
12597,feeling
12597,foreign
12597,flag
12597,future
12597,fling
12597,from
12597,face
12597,follow
12597,fraternize
12597,fortunate
12597,footage
12597,feet
12597,fibular
12597,fast
12597,feather
12597,fibbing
12602,friend
12602,fire
12602,fair
12602,fun
12602,feelings
12602,frightened
12602,fury
12602,fabulous
12602,fever
12602,feline
12602,figure
12602,finish
12602,fill
12602,full
12602,fool
12602,feed
12602,fruit
12602,fresh
12602,flu
12615,fun
12615,family
12615,fantastic
12615,folk
12615,fabulous
12615,for
12615,fan
12615,fox
12615,flamingo
12621,frank
12621,for
12621,far
12621,from
12621,farm
12621,forever
12621,faulty
12621,fern
12621,fruit
12621,fridge
12621,fig
12621,floor
12621,flicker
12622,food
12622,flesh
12622,fetus
12622,finger
12622,floor
12622,fast
12622,fate
12622,fact
12622,feline
12622,force
12628,frizz
12628,flail
12628,fled
12628,flack
12628,flop
12628,flip
12628,fling
12628,finger
12628,forced
12628,frail
12628,forever
12628,for
12628,fist
12628,fidget
12628,face
12628,fast
12628,fang
12628,forest
12628,flower
12628,freeze
12628,frost
12727,funny
12727,fig
12727,fudge
12727,fiddle
12727,frog
12727,from
12727,forest
12727,flamingo
12727,filter
12727,fantastic
12727,fast
12727,furious
12727,furry
12727,fusty
12727,frosty
12727,fridge
12727,finagle
12727,fax
12727,futon
12727,future
12727,fortune
12727,fledgeling
12727,family
12727,forcep
12728,forest
12728,food
12728,fort
12728,farm
12728,fire
12728,flock
12728,filed
12728,fair
12728,fairy
12728,ferryboat
12728,fish
12728,fad
12728,fall
12728,fight
12728,fig
12728,flag
12728,film
12728,frock
12728,fat
12728,fax
12728,folk
12728,forum.
12729,fridge
12729,fun
12729,fan
12729,fin
12729,finish
12729,for
12729,former
12729,forget
12729,firmer
12729,femur
12729,fuck
12729,fantiastic
12729,fantabulous
12729,forgo.
9377,forever
9377,foul
9377,fill
9377,foreboding
9377,from
9377,file
9377,forthcoming
9377,fall
9377,friend
9377,fool
12749,filth
12749,fate
12749,fake
12749,face
12749,feign
12749,fair
12749,fail
12749,fold
12749,folk
12749,famish
12749,familiar
12749,family
12749,fart
12749,fault
12749,fumes
12749,fury
12749,fussy
12749,film
12749,filter
12749,foam
12749,form
12749,frost
12749,fast
12749,free
12749,fresh
12749,flash
12752,fox
12752,fuck
12752,fairly
12752,flower
12752,fun
12752,fine
12752,fish
12752,fumble
12752,forget
12752,feelings
12752,frank (honest)
12752,foul
12752,fame
12756,field
12756,flowers
12756,fanciful
12756,fantastic
12756,forever
12756,forward
12756,football
12756,frankly
12756,forecourt
12756,financial
12756,feelings
12756,following
12756,flooring
12756,frantic
12756,fiddle
12758,fish
12758,fool
12758,fart
12758,fry
12758,friend
12758,frequency
12758,farmer
12758,female
12758,fantastic
12758,foe
12758,fee
12758,fum
12758,family
12759,Fun
12759,folley
12759,fear
12759,fabricate
12759,file
12759,force
12759,face
12759,fabulous
12759,fabric
12770,foul
12770,face
12770,fact
12770,fisher
12770,funny
12770,friendly
12770,figure
12770,force
12770,futile
12770,faith
12770,fever
12770,frank
12770,fresh
12770,ferry
12770,formula
12770,final
12771,face
12771,fan
12771,friend
12771,flop
12771,figure
12771,fine
12771,fun
12771,fox
12771,frightful
12771,faithful
12771,fact
12771,fabulous
12771,futile
12771,fling
12771,fear
12771,fob
12771,fossil
12771,fondle
12771,fop
12771,frog
12771,fire
12774,Friend
12774,fire
12774,fog
12774,frog
12774,fur
12774,filter
12774,freedom
12774,figure
12774,fumble
12774,football
12774,fury
12774,family
12774,foresight
12774,fish
12777,field
12777,flower
12777,flour
12777,flee
12777,fix
12777,fly
12780,fork
12780,feather
12780,fetch
12780,fall
12780,feel
12780,field
12780,fortress
12780,faith
12780,flower
12780,fox
12780,flat
12780,farm
12780,firm
12780,fume
12780,form
12780,for
12780,final
12780,financial
12780,fishing
12780,feature
12780,film
1329,Florence
1329,fan
1329,fun
1329,fickle
1329,Fran
1329,fussy
1329,fib
1329,funky
1329,fruit
1329,faint
1329,fit
1329,fraternity
1329,frustrating
1329,fantastic
1329,food
1331,Folk
1331,fuck
1331,fun
1331,ferry
1331,fun
1331,fate
1331,food
1331,fish
1331,fall
1331,funk
1331,fane
1331,fair
1331,full
1331,fell
1341,Food
1341,factory
1341,female
1341,farce
1341,flame
1341,feed
1341,food
1341,farm
1341,flesh
1341,fleece
1341,figure
1388,Family
1388,future
1388,foremost
1388,first
1388,face
1388,fact
1388,former
1389,Female
1389,forget
1389,family
1389,fugitive
1389,fatigue
1389,fill
1389,faint
1389,fortune
1389,fore
1389,finally
1389,finish
13102,Find
13102,frame
13102,force
13102,fact
13102,fiction
13102,formula
13102,forgotten
13102,frame
13102,face
13102,function
13102,formula
13102,formation
13102,fact
13102,fiction
13102,foundation
13102,formula
13102,fraction
13102,function
13102,formula
13108,Frankfurst
13108,farther
13108,father
13108,future
13108,friend
13108,foe
13108,figure
13108,figurine
13108,fright
13108,fear
13108,freight
13108,flu
13108,finger
13108,French
13108,frigate
13108,french-fry
13108,flea
13108,future
13108,flint
13108,future
13108,farther
13157,Fox
13157,football
13157,feet
13157,father
13157,fart
13157,fiddle
13157,fat
13157,funny
13157,five
13157,fancy
13157,fury
13157,fussbudget
13157,flat
13157,forensic
13157,fluffy
13157,fancy
13157,flourish
13157,fandangle
13157,fiddlesticks
13167,Fool
13167,flame
13167,fire
13167,folk
13167,faux-pas
13167,fix
13167,fry
13167,finger
13167,faint
13167,feel
13167,fox
13167,foolish
13167,fixture
13167,farm
13167,finagle
13167,frighten
13167,force
13167,frumpy
13167,finish
13167,fine
13179,Frank
13179,friendly
13179,face
13179,fearful
13179,fanatic
13179,fore
13179,friendship
13179,fruitful
13179,family
13179,furnace
13179,forecast
13179,flower
13179,fence
13179,farmer
13179,field
13179,fruit
13215,Frank
13215,Friends
13215,Furious
13215,Flower
13215,Free
13215,Fudge
13215,Finger
13215,Friend
13215,Future
13215,Filling
13215,Fly
13215,Forever
13215,Fulfill
13215,Fling
13220,Frank
13220,Fashion
13220,Fussy
13220,Farmer
13220,Frame
13220,Furniture
13220,Focus
13220,Fallacy
13220,Friend
13220,Foe
13220,French
13220,Furtive
13220,Foreign
13220,Former
13220,Found
13220,Fussy
13220,Fuzz
13220,Feminine
13220,Foetus
13220,Fallow
13220,Follow
13220,Faint
13220,Fracas
13230,Fort
13230,Fat
13230,Fun
13230,Fair
13230,Fat
13230,Folly
13230,Favored
13230,Favour
13230,Favourite
13230,Fancy
13230,Fine
13230,Flab
13230,Floor
13230,Flush
13230,Fresh
13230,Flap
13230,Fresh
13234,fox
13234,fly
13234,fur
13234,ferry
13234,fun
13234,fundamental
13234,fantastic
13234,fiddle
13234,faddle
13234,fort
13234,fortress
13234,foreign
13234,ford
13234,further
13234,funicular
13234,fernier
13234,Forney
13234,forecast
13234,fun
13234,fiddle
13234,federal
13234,fiduciary
13234,fundamental
13234,forecast
13234,foreign
13236,fruit
13236,flowers
13236,falcon
13236,famous
13236,favourite
13236,fashion
13236,flurry
13236,forget
13236,formal
13236,face
13236,frugal
13236,fiddle
13236,fingers
13236,foot
13236,flavour
13274,foot
13274,feel
13274,frown
13274,fart
13274,friend
13274,fuel
13274,finger
13274,freeze
13274,field
13274,fort
13274,fire
13274,fearsome
13274,friend
13274,foe
13274,forced
13273,Fine
13273,flower
13273,feed
13273,follow
13273,fire
13273,first
13273,fill
13273,for
13273,fry
13273,flow
13273,from
13273,five
13282,faith
13282,friendly
13282,fruit
13282,fragment
13282,flag
13282,fly
13282,future
13282,father
13428,failure
13428,finance
13428,fortune
13428,feeble
13428,friendly
13428,frugal
13428,fiduciary
13441,far
13441,forever
13441,forgiving
13441,finger
13441,frame
13441,fall
13441,ferris wheel
13441,fantasize
13441,family
13442,furnace
13442,fire hose
13442,finger
13442,file
13442,fitness
13442,freehold
13442,fireball
13442,foremost
13442,farewell
13442,food
13442,flee
13442,fish
13447,fair
13447,fang
13447,from
13447,fix
13447,fast
13447,forward
13447,fun
13452,furnace
13452,fire
13452,feminine
13452,female
13452,ferocious
13452,funny
13452,federal
13452,frost
13452,forgotten
13452,furious
13452,function
13452,feline
13452,femur
13452,food
13455,flowers
13455,friendship
13455,feelings
13455,forests
13455,fine-art
13455,forgiveness
13455,follow
13455,fellowship
13455,faking
13455,fooling
13455,fair
13455,fur
13455,finish
13455,foreign
13455,forthright
13455,favorites
13457,fun
13457,foolish
13457,funky
13457,friend
13457,furniture
13457,frog
13457,fortune
13457,fruit
13460,floor
13460,found
13460,frame
13460,fox
13460,fire
13460,for
13477,furniture
13477,fur
13477,film
13477,funnel
13477,fame
13477,father
13477,further
13477,from
13477,for
13477,fee
13477,fixture
13477,frog
13479,fruit
13479,fennel
13479,for
13479,frown
13479,fence
13479,fatal
13479,fun
13479,fortune
13479,finger
13479,fort
13479,film
13479,fat
13479,form
13479,fire
13480,frank
13480,facility
13480,forgone
13480,favor
13480,fritzed
13480,flossy
13480,flippant
13480,fraud
13480,fart
13480,frenzy
13480,flavor
13481,frog
13481,field
13481,father
13481,finicky
13481,flexible
13481,farmer
13481,forest
13481,fort
13481,feelings
13481,far
13481,fine
13481,few
13481,farce
13481,fussy
13482,fall
13482,frank
13482,fallace
13482,focsi
13482,freedom
13482,funny
13482,flower
13482,fornication
13482,fantastic
13482,fellow
13482,frame
13482,full
13482,fat
13482,foster
13482,flag
13482,friendly
13482,face
13482,foreign
13482,fracture
13482,fellowship
13482,famous
13482,framework
13483,field
13483,fly
13483,fennel
13483,forget
13483,finally
13483,find
13483,fib
13483,fear
13483,fake
13484,falcon
13484,fellow
13484,fluid
13484,fit
13484,fluish
13484,friendly
13484,frisky
13484,football
13484,frenzy
13484,frantic
13484,foreign
13484,fertile
13484,floaty
13484,far
13484,from
13486,feel
13486,find
13486,frost
13486,from
13486,for
13486,far
13486,forward
13486,faster
13486,frown
13486,foul
13487,Fence
13487,face
13487,faucet
13487,frivolous
13487,faith
13487,femoral
13487,facet
13487,fix
13487,friend
13487,force
13487,fall
13487,feted
13487,fade
13487,farm
13487,for
13487,fend
13487,fact
13507,frog
13507,fridge
13507,foot
13507,field
13507,fast
13507,free
13507,fool
13508,fish
13508,food
13508,finger
13558,fix
13558,faint
13558,far
13558,fine
13558,fit
13558,face
13558,fun
13558,fear
13558,friend
13558,finger
13584,food
13584,fright
13584,family
13584,foolish
13584,friendly
13584,funny
13584,found
13584,famous
13584,fidgety
13605,frank
13605,follow
13605,friend
13605,field
13605,face
13605,facilitate
13605,fraction
13609,fun
13609,fresh
13609,frugal
13609,focus
13609,funnel
13609,foresight
13609,figure
13609,fox
13609,friend
13609,feeble
13609,finger
13609,frozen
13618,frog
13618,faint
13618,fog
13618,funny
13618,folks
13618,fanny
13618,freedom
13618,fetch
13618,fame
13618,flower
13619,fox
13619,friend
13619,fortunate
13619,family
13619,far
13619,fate
13619,fatality
13619,frumpy
13619,flicker
13619,fart
13619,familiar
13619,farm
13619,field
13619,fiend
13619,finder
13623,fridge
13623,fill
13623,fool
13623,fracas
13623,fortune
13623,fish
13623,frontier
13623,face
13623,force
13623,fries
13623,frankfurters
13623,forceps
13623,fingers
13623,fruit
13623,farewells
13632,friend
13632,food
13632,fast
13632,furious
13632,forecast
13632,fun
13632,fish
13632,fools
13632,fantastic
13632,fortress
13632,fan mail
13632,fruitcake
13632,fright
13632,foot
13632,frank
13632,fool
13632,festival
13632,feast
13632,fastidious
13633,friend
13633,field
13633,fellow
13633,future
13633,famous
13641,fast
13641,fastidious
13641,fashion
13641,fellow
13641,fraud
13641,fake
13641,fence
13641,founder
13641,flounder
13641,fish
13641,ferocious
13641,flack
13641,flesh
13641,ferry
13641,flat
13641,fabulous
13641,fancy
13641,former
13642,far
13642,from
13642,fight
13642,fail
13642,for
13642,fiscal
13642,fat
13642,feel
13642,fist
13642,fun
13642,funeral
13647,fool
13647,fountain
13647,force
13647,frantic
13647,full
13647,funny
13647,follow
13647,find
13647,fill
13647,funnel
13647,fantasy
13647,fall out
13647,fumble
13647,flower
13647,flop
13647,forever
13647,frolic
13649,face
13649,feather
13649,forward
13649,frame
13649,feline
13649,factual
13649,frank
13649,farm
13649,fence
13649,father
13649,fodder
13657,funny
13657,freedom
13657,fiscal
13657,foot
13657,face
13657,foul
13657,furniture
13657,frequent
13657,forge
13657,freeway
13657,flower
13657,fat
13659,fine
13659,fox
13659,fig
13659,few
13659,film
13659,fight
13659,fund
13659,fudge
13659,funny
13659,filter
13659,figure
13659,foot
13659,fellow
13659,fizzle
13681,floor
13681,faking
13681,framework
13681,fridge
13681,fried
13681,forsaken
13681,friendly
13681,freed
13681,focused
13681,forgotten
13681,flag
13681,flood
13681,fluid
13681,frantic
13681,freezing
13681,frosty
13681,fog
13681,frog
13683,fresh
13683,food
13683,fight
13683,foolish
13683,frog
13683,flip
13683,fog
13683,free
13683,fright
13684,free
13684,figures
13684,fantasy
13684,fail
13684,file
13684,fill
13696,forever
13696,fever
13696,fascists
13696,fidelity
13696,flower
13696,fix
13696,freedom
13696,flow
13696,fortune
13696,famous
13696,fire
13697,frank
13697,from
13697,flower
13697,flour
13697,format
13697,foam
13697,farthest
13697,fork
13697,familiar
13697,family
13697,fame
13697,floor
13697,forward
13704,face
13704,factual
13704,frankness
13704,fate
13704,fox
13704,fire
13704,firefly
13704,fantasy
13704,fast
13704,favored
13704,foot
13704,feat
13711,fork
13711,fence
13711,flavor
13711,filling
13711,fortune
13711,frost
13711,fairy
13711,forest
13711,fanciful
13711,fingers
13711,flick
13711,front
13740,fire
13740,firm
13740,function
13740,future
13740,façade
13740,funky
13740,from
13740,floor
13740,front
13740,force
13740,foot
13742,Fine
13742,fudge
13742,forget
13742,finger
13742,fumble
13742,fascinating
13742,fabulous
13742,fence
13742,family
13742,fat
13745,fridge
13745,frozen
13745,frost
13745,fully
13745,fall
13745,figurative
13745,fidget
13745,farm
13745,frightening
13745,forsaken
13745,future
13747,Furry
13747,fish
13747,flower
13747,far
13747,fix
13747,flap
13747,fence
13747,fat
13747,fun
13747,function
13747,flat
13747,fraught
13747,famous
13747,fortune
13747,frank
13786,frank
13786,feeble
13786,frail
13786,faint
13786,feed
13786,fort
13786,frame
13786,future
13786,forget
13807,fire
13807,friend
13807,face
13807,flower
13807,future
13807,fill
13807,finicky
13807,façade
