Response,Action Performed
apple,Found
aparagus,Added
ant,Found
aardvark,Added
amazing,Found
avast,Added
art,Found
army,Found
ask,Found
ass,Found
athol,Added
atomic,Found
aunt,Found
all,Found
and,Found
a,Added
atom,Found
adorable,Found
autumn,Found
adamant,Found
astonish,Found
april,Found
august,Found
alligator,Found
abacus,Added
artichoke,Added
asparagus,Found
arthropod,Added
anteater,Added
ants,Found
architecture,Found
article,Found
africa,Found
antartica,Added
alaphabet,Added
acorn,Found
aerial,Found
airplane,Found
alveoli,Found
ambiguous,Found
attentive,Found
attention,Found
angular,Found
amphibious,Found
antonym,Added
angelic,Found
angstrom,Added
animal,Found
apricot,Found
abstract,Found
at,Added
alibi,Found
angle,Found
apoptosis,Added
allergenic,Added
air,Found
adipose,Found
ailment,Found
assuage,Found
anomaly,Found
autonomy,Found
anatomy,Found
amber,Found
adding,Found
answer,Found
after,Found
assemble,Found
antonyms,Added
ample,Found
about,Found
apologize,Found
apollo,Added
abide,Found
according,Found
antagonize,Added
assistance,Found
assistant,Found
astronaut,Found
artisan,Found
apparent,Found
asymmetrical,Found
apartment,Found
allocate,Found
atypical,Found
articulate,Found
assimilate,Found
ascribe,Found
act,Found
actor,Found
acting,Found
acted,Found
ate,Found
allow,Found
alone,Found
any,Found
alphabet,Found
axe,Found
accent,Found
acrobat,Found
ability,Found
android,Added
antidote,Found
antelope,Found
an,Added
allegory,Found
aerodynamic,Found
allopathic,Added
algorithm,Found
algebra,Found
aubergine,Added
random,Added
aviation,Found
anonymous,Found
association,Found
antisocial,Found
alternative,Found
another,Found
ark,Found
arrow,Found
armadillo,Added
armoire,Added
ancient,Found
amplifier,Found
ace,Found
arithmetic,Found
ankastor,Added
ares,Added
antarctica,Found
america,Found
arctic ocean,Added
atlantic ocean,Added
australia,Added
appleby’s,Added
ankle,Found
advantageous,Found
adventure,Found
aspiration,Found
aquatic,Found
always,Found
action,Found
average,Found
actually,Found
as,Added
audacity,Found
age,Found
antagonist,Found
atrophy,Found
aim,Found
appreciate,Found
aptitude,Found
ancillary,Found
animate,Found
anybody,Found
appropriate,Found
analogy,Found
angel,Found
astounding,Found
amend,Found
amiable,Found
able,Found
abort,Found
adolescent,Found
account,Found
against,Found
aggressive,Found
adjust,Found
adjacent,Found
almost,Found
add,Found
around,Found
at most,Added
attempt,Found
attempting,Found
actress,Found
attic,Found
appetite,Found
anger,Found
alliteration,Added
assert,Found
affection,Found
apparel,Found
accelerate,Found
attend,Found
adote,Added
accredited,Found
affectionate,Found
affiliation,Found
affect,Found
attrition,Found
amends,Found
antimony,Found
alzheimer’s,Added
aw,Added
alimony,Found
eater,Added
antecedent,Found
anecdote,Found
amplify,Found
angry,Found
aggravated,Found
assault,Found
anus,Found
analytical,Found
admission,Found
appreciation,Found
appraise,Found
am,Added
awesome,Found
alter,Found
affair,Found
afar,Found
also,Found
ago,Found
away,Found
artificial,Found
attribute,Found
aggravate,Found
antsy,Added
advertise,Found
anticipate,Found
aging,Found
application,Found
anterior,Found
axel,Added
arrogant,Found
alien,Found
ache,Found
accordion,Found
arthritis,Found
arrive,Found
arbitrary,Found
above,Found
advantage,Found
acquire,Found
along,Found
atlas,Found
ape,Found
area,Found
obnoxious,Added
antique,Found
arch,Found
architect,Found
anxious,Found
anxiety,Found
axle,Found
axis,Found
anaise,Added
argyle,Found
anaconda,Added
ally,Found
afternoon,Found
analogue,Found
ash,Found
acceleration,Found
armature,Found
active,Found
actual,Found
aluminium,Found
albatross,Added
abbreviation,Found
annoying,Found
activation,Found
amateur,Found
astute,Found
alliance,Found
arrange,Found
asbestos,Found
asail,Added
avow,Added
acknowledge,Found
anorexia,Found
errand,Added
argue,Found
aviator,Added
are,Found
abbreviate,Added
astronomy,Found
autocracy,Found
arrangement,Found
atonement,Found
absent,Found
addition,Found
afflict,Found
awol,Added
accident,Found
attack,Found
adam,Added
adapt,Found
awake,Found
attain,Found
amuse,Found
ameliorate,Found
accurate,Found
atone,Found
atoll,Added
anthem,Found
anaesthetic,Added
advocate,Found
arrest,Found
arouse,Found
agriculture,Found
arizona,Added
apteryx,Added
ascertain,Found
adjective,Found
adjourn,Found
arc,Found
anal,Found
apex,Found
asperger’s,Added
acronym,Found
academics,Found
ancestor,Found
appall,Added
authority,Found
achilles,Added
awe,Found
awkward,Found
aspire,Found
agitate,Found
allegiance,Found
agent,Found
aloe,Added
alloy,Found
axil,Added
assess,Found
alleviate,Found
aviate,Added
allure,Found
armour,Added
albas,Added
alright,Found
asthma,Found
awful,Found
asteroid,Found
applause,Found
areola,Added
assignment,Found
anthropology,Found
antenna,Found
anti-matter,Added
applied,Found
archaic,Found
adore,Found
ascend,Found
aorta,Found
artery,Found
alive,Found
agony,Found
automatic,Found
automobile,Found
antlers,Added
auxiliary,Found
adenosine,Found
abs,Found
abductor,Added
adductor,Found
assortment,Found
apocalypse,Found
amphetamine,Found
alluring,Found
astronomical,Found
acidic,Found
appearance,Found
ambulance,Found
arm,Found
argument,Found
arson,Found
activity,Found
avatar,Added
alas,Found
asleep,Found
allowed,Found
angels,Found
animals,Found
alleyway,Added
attraction,Found
amongst,Found
alcoholic,Found
ale,Found
actuality,Found
altruistic,Found
assets,Found
absolute,Found
adverse,Found
anarchy,Found
aerobic,Found
appendix,Found
altogether,Found
artwork,Found
amusing,Found
arousing,Found
appetizing,Added
aphrodisiac,Added
avalanche,Found
ambling,Added
abundance,Found
ask attention,Added
arrival,Found
amicable,Found
atrium,Found
anyone,Found
agenda,Found
appealing,Found
appendicular,Added
axial,Found
applicable,Found
aba dose,Added
ads,Found
ax,Added
award,Found
advance,Found
aperture,Found
affected,Found
anywhere,Found
aversion,Found
across,Found
ah,Added
acrylic,Found
ambrosia,Added
abroad,Found
afferent,Found
align,Found
anyways,Added
assume,Found
already,Found
almighty,Found
apron,Found
aloof,Found
algae,Found
alabaster,Found
agar,Found
alpine,Found
arsonist,Added
app,Found
anchor,Found
additional,Found
a lot,Added
aspect,Found
agree,Found
abiotic,Added
anything,Found
academic,Found
although,Found
aisle,Found
alert,Found
alarm,Found
afraid,Found
adult,Found
appetizer,Added
author,Found
attach,Found
attendance,Found
agonist,Found
absolutely,Found
as well,Added
abominable,Found
ambiguity,Found
accessories,Found
airwave,Added
aiming,Found
annoyed,Found
acceptable,Found
auditory,Found
acupuncture,Found
ail,Found
airy,Found
appear,Found
avocado,Found
analog,Added
adhesive,Found
avoid,Found
amount,Found
anchovy,Added
antics,Found
almonds,Found
apricots.,Added
analyze,Found
access,Found
attitude,Found
altitude,Found
ascending,Found
abnormal,Found
aqua,Found
announce,Found
annual,Found
amoral,Added
amorphous,Found
apt,Found
artist,Found
arundel,Added
asunder,Found
aside,Found
adverb,Found
acapulcos,Added
anvil,Found
aspberger,Added
angst,Added
addenda,Added
appal,Added
upon,Added
alpha,Found
anyway,Found
arabic,Found
amenity,Added
apostle,Found
airmen,Added
appellate,Found
apostle.,Added
anguish,Found
aggregate,Found
abyss,Found
alive.,Added
aghast,Found
aroma,Found
artistic,Found
abdomen,Found
acute,Found
again,Found
astoot,Added
afghan,Found
activate,Found
androgyny,Added
astrology,Found
altercate,Added
alternate,Found
amnesty,Found
aspen,Found
amen,Found
attractive,Found
avenue,Found
aseity,Added
airline,Found
achou,Added
aha,Found
aloha,Added
asset,Found
agible,Added
adieu,Found
aglow,Added
apatite,Added
askew,Found
aster,Found
astray,Found
abandon,Found
alight,Found
adjoin,Added
addendum,Found
affordable,Found
ajar,Found
arse,Added
ameba,Added
advent,Found
assay,Found
ain’t,Added
apprehension,Found
animated,Found
appalling,Found
aluminum,Found
abattoir,Added
abate,Found
argumentative,Found
adept,Found
agnostic,Found
atheist,Found
asterisks,Added
abalone,Added
aspirin,Found
aspirate,Added
appendage,Found
eon,Added
ague,Found
appease,Found
advise,Found
address,Found
ascent,Found
accrue,Found
accord,Found
asylum,Found
aphid,Added
atmosphere,Found
apoplexy,Found
anniversary,Found
annoy,Found
adhere,Found
allspice,Added
allowance,Found
avid,Found
agile,Found
awl,Added
attune,Added
allude,Found
admire,Found
affiliate,Found
ammos,Added
argentina,Added
alfred,Added
auditorium,Found
audio,Found
added,Found
astound,Added
aura,Found
acer,Added
anagram,Added
eggplants,Added
alley,Found
anana,Added
aboard,Found
aft,Found
afterwards,Found
anon,Found
anti,Found
antagonistic,Found
altocumulus,Added
astronomer,Found
astrophysics,Added
acoustic,Found
accost,Added
affix,Found
akin,Found
among,Found
auto,Found
abscond,Added
antler,Added
angler,Found
aesthetic,Found
aim.,Added
aborigine,Added
asp,Found
auction,Found
averse,Found
adjunct,Found
affable,Found
adoration,Found
after.,Added
achieve,Found
administer,Found
admit,Found
ascension,Found
accolade,Added
adder,Found
aware,Found
asshole,Found
amendment,Found
astrological,Found
amethyst,Added
aggrevate,Added
affirmative,Found
androgenous,Added
awning,Found
armor,Found
asinine,Added
assist,Found
ammonia,Found
annex,Found
accustom,Added
approval,Found
aid,Found
aesthetics,Found
apparently,Found
acclimate,Added
actualize,Added
assiduous,Found
artistry,Found
acidity,Found
abound,Found
apprehend,Found
affront,Found
affluent,Found
aperitif,Added
applaud,Found
apathetic,Found
appalled,Found
abolish,Found
arduous,Found
absolve,Found
anthill,Added
accommodate,Found
adopt,Found
acne,Found
apply,Found
approach,Found
aaradvark,Added
alleviation,Found
allocation,Found
ashing,Added
affirm,Found
advertisement,Found
amarilla,Added
appoint,Found
adrenaline,Found
amoray,Added
astonishing,Found
atrocious,Found
apostrophe,Found
aqueduct,Found
anthology,Found
aerate,Added
acid,Found
avaricious,Added
ambitious,Found
adage,Found
achievement,Found
antitheft,Added
ambience,Found
assertive,Found
anemone,Added
afford,Found
aggrieve,Added
aggravation,Found
aggression,Found
appliance,Found
annotate,Added
appeal,Found
adversary,Found
admonish,Added
abject,Found
assort,Added
aspirations,Found
afro,Added
anchovies,Added
allenwrench,Added
avuncular,Added
amputee,Added
axillary,Found
anytime,Found
atrocities,Found
accustomed,Found
archery,Found
appartment,Added
accept,Found
ascot,Added
arms,Found
aquafit,Added
aquarium,Found
abracadabra,Added
abbey,Found
assent,Found
apparition,Found
apparatus,Found
asymmetric,Found
amorous,Found
accredit,Added
actuary,Added
arise,Found
acclimatize,Added
approximate,Found
accuse,Found
alack,Added
anodyne,Added
al fresco,Added
allergy,Found
acetabulum,Added
alp,Added
ammunition,Found
admin,Found
anoint,Added
arbor,Found
abrasions,Added
antipathy,Found
antipasto,Added
ab,Added
abstain,Found
antiquated,Found
antiquated.,Added
antediluvian,Added
antidisestablishmentarianism,Added
absorb,Found
arsenic,Found
asci,Added
asterick,Added
avionics,Added
album,Found
anesthetic,Found
anorak,Added
adjure,Added
ardent,Found
alder,Found
allot,Added
androgynous,Added
announcement,Found
appositive,Added
agility,Found
apart,Found
acquire.,Added
alike,Found
apples,Found
anteed,Added
aboriginal,Found
alcohol,Found
addict,Found
ancheedy,Added
availability,Found
advice,Found
autofield,Added
atadelunium,Added
aborigining,Added
asters,Added
alice,Added
alexis,Added
elliptical,Added
anonymity,Found
arrogance,Found
flight,Added
airborne,Found
applesauce,Added
analysis,Found
aromatic,Found
arrhythmic,Added
aerosol,Found
aeration,Found
abet,Added
alfalfa,Found
audacious,Found
adoricious,Added
adequate,Found
admirable,Found
accordingly,Found
agreeable,Found
angelis,Added
anna,Found
angela,Added
amy,Found
armageddon,Added
admiration,Found
accentuate,Found
obliterate,Added
ages,Found
aba,Found
atilla,Added
archer,Found
avril,Added
amble,Added
alieve,Added
armchair,Found
awn,Added
anonomous,Added
abscess,Found
airway,Found
argots,Added
acre,Found
audit,Found
accounting,Found
alcove,Found
approve,Found
armament,Found
abhorrent,Added
abase,Added
abomination,Found
aged,Found
arts,Found
aids,Found
anti-government,Added
ancestry,Found
aircraft,Found
annually,Found
ahead,Found
airwaves,Added
autistic,Found
abstinence,Found
advertising,Found
acceptance,Found
avenger,Found
appointments,Found
aloft,Found
abortion,Found
altercation,Added
antiquity,Found
automaton,Found
alchemy,Found
altruism,Found
ambiance,Added
assuming,Found
alienation,Found
affliction,Found
amazement,Found
abreast,Found
auntie,Found
antibodies,Found
at last,Added
astrolabe,Added
asterisk,Found
anteroom,Added
alpaca,Added
accolades,Added
abstergents,Added
antral,Added
averring,Added
anyhow,Found
asking,Found
arranging,Found
alphabetical,Found
antibody,Found
accordion.,Added
